Model,Mean_AUROC,Std_AUROC,Mean_Time,Peak_Mem_MB
1D-CNN Only,0.6212563837476583,0.0016080720856515402,136.47840706507364,6.557324666666666
Bi-LSTM Only,0.7305711905187149,0.0006570055219375719,167.8857057094574,6.508743333333332
Seq Hybrid (Pool),0.7374138881154956,0.00313286126870055,205.78318683306375,6.503299000000001
Seq Hybrid (No Pool),0.7265247745067792,0.0025334687186048315,238.9289446671804,6.498366
Parallel Hybrid (Pool),0.7261348387583464,0.0024854073739051154,209.7103155454,6.500789999999999
Parallel Hybrid (No Pool),0.7242292490691734,0.0043993724364330125,215.24258303642273,6.502005666666666
Seq Hybrid (Residual),0.6984412664169702,0.0033432113743241025,200.92871832847595,6.500263666666666
Seq Hybrid (Attention),0.6948340697595964,0.011716902164183344,207.02160795529684,6.497138333333333
